,energy of p orbital of B (eV),energy of p orbital of O (eV),radius of s orbital of A (A),van der Waals radius of A (A),work function (eV)
1,7.45672141798,-0.619643519697,1.67,3.03,3.73412584248
3,6.50647721857,-0.489980880659,1.67,3.03,4.16463949026
5,6.3149996949,-0.374237598736,1.67,3.03,4.7313497327
7,4.50539825485,-0.794280914145,1.67,3.03,3.48279642302
9,4.93921887399,-0.593469335964,1.67,3.03,4.39669002785
11,2.85482104801,-1.15985323403,1.67,3.03,3.8907591140599997
13,-25.235590424,-0.494080528486,1.71,3.43,4.3523002403
15,-32.48136368,-1.0302525507200002,1.71,3.43,3.45239699203
17,-24.7549345362,-0.49562124725699996,1.71,3.43,4.09229472926
19,-28.3427967659,-0.49324122450900004,1.71,3.43,4.03376071309
21,-38.7452165997,-1.5958519709799999,1.71,3.43,2.43733475851
23,-31.232991489099998,-1.65411824146,1.71,3.43,3.2503686348299996
25,-34.3605698358,-1.51941080675,1.71,3.43,3.32482948324
27,-44.2198820853,-2.36036149396,1.71,3.43,1.9810430242400003
29,-36.3559850594,-3.05771509861,1.71,3.43,1.4235624810299998
31,-39.842041109,-3.64824947812,1.71,3.43,0.8818648872849999
33,-49.0590699833,-2.3575488404400002,1.71,3.43,2.20395099792
35,-43.539321469499995,-3.6645645129,1.71,3.43,0.993569840461
37,-53.896405348100004,-2.14825224911,1.71,3.43,2.55662082884
39,6.61867879355,-0.8347493575239999,1.71,3.43,3.4953903221300004
41,5.809704798589999,-0.6429064433739999,1.71,3.43,3.9076014067300004
43,5.88727649607,-0.411370491161,1.71,3.43,4.46301278678
45,3.8007912784199993,-0.986208156926,1.71,3.43,3.38264336071
47,4.47444362085,-0.650313844897,1.71,3.43,4.0987171684699995
49,2.55772405624,-0.9909791072,1.71,3.43,3.72130598635
51,-24.1718924084,-0.495403767206,1.54,2.75,4.94129082204
53,-27.681314163499998,-0.493805501259,1.54,2.75,4.88950591805
55,-38.6619177745,-1.76069927132,1.54,2.75,3.21098875333
57,-31.047426859899996,-1.9708691223700001,1.54,2.75,4.12956034649
59,-33.8693514561,-1.66154221561,1.54,2.75,4.1914500599
61,-44.3176708544,-2.52273370663,1.54,2.75,2.48776416942
63,-36.3241876431,-3.44153465107,1.54,2.75,1.9853032768
65,-39.7727773902,-4.15255839815,1.54,2.75,1.41394305461
67,-49.3152731665,-2.49188966564,1.54,2.75,2.7357277421099995
69,-43.6569778693,-4.23777495748,1.54,2.75,1.50772139232
70,6.44010248087,-0.434399506904,1.54,2.75,5.1661069281
73,-24.3663345875,-0.450718183395,1.67,3.03,4.44577357815
75,-27.899843628400003,-0.416540195141,1.67,3.03,4.37934958526
77,-38.657238519,-1.57108074285,1.67,3.03,2.66608291366
79,-30.3918080113,-1.09901021899,1.67,3.03,3.57637334693
81,-34.6851718255,-2.1912562563900004,1.67,3.03,3.6350375255300005
83,-44.299178119,-2.3721730419,1.67,3.03,2.00523385965
85,-36.3421738376,-3.25666403886,1.67,3.03,1.5166324762099999
87,-39.802931754,-3.90730496061,1.67,3.03,0.951718566275
89,-54.26703491399999,-2.2138266845200003,1.54,2.75,3.1373407327
91,7.95415965955,-0.632088953863,1.54,2.75,4.2455199085
93,6.82500201216,-0.49647833736900004,1.54,2.75,4.65993861884
95,-49.2420865574,-2.3237887136,1.67,3.03,2.24855346952
97,-43.6213399025,-3.9559005328300003,1.67,3.03,1.04757166298
99,-54.1432726325,-2.0451913772099997,1.67,3.03,2.67472885388
101,6.9299274222300005,-0.509476433547,0.985,1.82,7.542293118710001
103,5.500639660859999,-1.08525663464,0.985,1.82,7.183726844389999
105,5.602219465319999,-0.700550906363,0.985,1.82,7.86852837974
107,3.445619489,-1.4166552382700002,0.985,1.82,6.780816885569999
109,-24.264592305700003,-0.45772042440399996,1.1,2.27,6.37609552296
111,-31.635625543699998,-1.02021793546,1.1,2.27,5.70805424398
113,-23.950803248299998,-0.482619800514,1.1,2.27,6.2699745601
115,-27.439333345399998,-0.46078357799900005,1.1,2.27,6.252613709789999
117,-38.6156105603,-1.86249727914,1.1,2.27,4.67340050207
119,-30.665165770500003,-1.7651795820599998,1.1,2.27,5.46029727962
121,-35.0932831784,-3.05986815259,1.1,2.27,5.53764576075
123,-44.3023021494,-2.62050074811,1.1,2.27,3.8650840015499996
125,-36.2857927805,-3.55884433946,1.1,2.27,3.2335806217900003
127,-39.7248055439,-4.270629617819999,1.1,2.27,2.66541951224
129,-49.3750841165,-2.58187985965,1.1,2.27,4.10938645327
131,-43.6808384557,-4.3977129031699995,1.1,2.27,2.6776773565900003
133,-54.36162941560001,-2.3326779707,1.1,2.27,4.45583083948
135,8.700750977,-0.683764150121,1.1,2.27,5.72455210293
137,7.152450430549999,-0.581598258214,1.1,2.27,5.99378847722
139,6.588210393890001,-0.514626211884,1.1,2.27,6.34503489322
140,5.19235254199,-1.06600955632,1.1,2.27,5.482920190110001
142,5.30999098516,-0.7176788812649999,1.1,2.27,6.27953099774
144,3.2224142841,-1.41507501685,1.1,2.27,5.567265077949999
146,-24.582409971599997,-0.46435757730599997,1.54,2.75,5.12724251587
148,-31.859460267600003,-0.9705278001000001,1.54,2.75,4.29480437739
150,0.091082268321,-3.67222739703,1.42,2.49,2.03807312158
152,-24.768748093200003,-0.562915217696,1.515,2.68,4.24260096671
155,-26.3438002019,-2.53022261505,1.515,2.68,2.0997672721200002
157,-29.6548427167,-2.28168218187,1.515,2.68,2.74470323006
159,-39.3181489636,-3.40089510088,1.515,2.68,1.13592441976
161,-32.293052761599995,-4.42654615183,1.515,2.68,1.8714978004499998
163,-35.9920798752,-5.03157328475,1.515,2.68,2.36575213316
165,-44.2000847311,-3.2149619062,1.515,2.68,1.29323701576
167,-36.2948729976,-4.31349459501,1.515,2.68,1.54483199558
169,-39.7159820718,-4.99926604264,1.515,2.68,2.1445619825
171,-48.924114580600005,-2.84380223042,1.515,2.68,1.7044371039200001
173,-43.224993598000005,-4.61022537432,1.515,2.68,1.56599695271
175,-53.755598281800005,-2.4242550348700003,1.515,2.68,2.13973592443
176,6.429435131799999,-0.710232449285,1.515,2.68,3.3951499559900005
179,5.60502720364,-0.611494573196,1.515,2.68,3.84986886372
181,5.34472797806,-0.5423454739010001,1.515,2.68,4.289786284690001
183,3.6104202156699996,-1.0718970791700002,1.515,2.68,2.91592517935
184,4.01642906232,-0.883821232385,1.515,2.68,3.69986467089
186,0.316275401073,-3.19547724884,1.515,2.68,1.6681274288799999
188,-39.4307198817,-5.7430131487,1.32,0.0,2.69322816204
190,-48.517368892,-4.28144724042,1.32,0.0,2.4190946582099997
192,-42.8850405753,-5.46234645726,1.32,0.0,2.9867725481700003
194,-53.359110971499994,-3.6968120192300002,1.32,0.0,2.6430301117200004
195,6.45077625406,-2.20655429248,1.32,0.0,2.62942016573
197,3.3299953315499997,-3.1300727340599996,1.32,0.0,2.4933529520900004
199,3.15628967735,-2.3837661417700002,1.32,0.0,3.22358833602
201,0.355019243293,-5.22180394859,1.32,0.0,2.5624487759
203,0.526002917518,-4.85761582852,1.32,0.0,2.9203962369
205,-0.10693031009199999,-4.18519930941,1.32,0.0,2.77439892212
207,-24.1302532163,-0.45980330751299997,0.985,1.82,7.83759855477
209,-31.5346537173,-1.03999917741,0.985,1.82,7.60907287244
211,-23.8541956946,-0.47661590522799996,0.985,1.82,7.8700419663600005
213,-27.336977985900003,-0.449316426333,0.985,1.82,7.87464693657
215,-38.5838657116,-1.9081297257099998,0.985,1.82,6.60247017612
217,-30.924322988000004,-2.10077152374,0.985,1.82,7.242803565499999
219,-34.8632042868,-2.9080454758,0.985,1.82,7.0655436530600015
221,-44.2909646035,-2.67716075756,0.985,1.82,5.41768622704
223,4.82357946382,-0.901088629032,1.54,2.75,3.99132920427
225,5.12043983192,-0.651858539594,1.54,2.75,4.8981384534300005
227,2.9963781147099997,-1.30101568911,1.54,2.75,4.379670748000001
229,-24.8457376554,-0.430848657014,1.67,3.03,4.65866663246
231,-32.05967285,-0.8823456682619999,1.67,3.03,3.7353964026899997
233,-36.2654796435,-3.60998735069,0.985,1.82,4.83073137084
235,-39.7043070466,-4.321988435980001,0.985,1.82,4.25253589539
237,-49.377937074799995,-2.63575291624,0.985,1.82,5.683085588940001
239,-43.6831403033,-4.46995389721,0.985,1.82,4.18021427281
241,-54.3913860096,-2.41134110568,0.985,1.82,6.18199699847
243,9.081650818650001,-0.732450021602,0.985,1.82,7.3818724176
245,7.555047974960001,-0.593873870011,0.985,1.82,7.444143841919999
247,-53.95036839310001,-2.96625709991,1.32,2.31,3.6170805162699997
249,7.4794331980600015,-0.873722005951,1.32,2.31,4.97477910983
251,5.7280356026,-0.840624322797,1.32,2.31,5.33323056222
253,5.15241130634,-0.802353659939,1.32,2.31,5.55528537159
255,3.8798763306199997,-1.56252141316,1.32,2.31,4.13635897356
258,-0.09496356888319998,-4.02398501302,1.32,2.31,2.618799257
260,-24.3907778813,-0.63343721718,1.42,2.49,4.907758649040001
262,-32.8895974808,-2.08843857407,1.42,2.49,3.47931985579
265,-28.696694837600003,-1.7575554189400002,1.42,2.49,3.3939876774699997
267,-39.285389368400004,-3.7236698360000005,1.42,2.49,1.70645562724
269,-32.2470812914,-4.73543106749,1.42,2.49,1.5882650349599998
271,-35.932816766900004,-5.383893684689999,1.42,2.49,2.31035348909
273,-44.2621924607,-3.57163879362,1.42,2.49,2.0059113422
275,-36.311315643600004,-4.65845681266,1.42,2.49,1.40412526665
277,-39.710425568299996,-5.39290991392,1.42,2.49,1.8536307185499998
279,-49.0040274755,-3.14669817597,1.42,2.49,2.4435118526400004
281,-43.267471381499995,-5.0217151071099995,1.42,2.49,1.4127372728100003
283,-53.8875745651,-2.7096239602599996,1.42,2.49,2.82972840379
285,7.13981517595,-0.726353031602,1.42,2.49,4.11508684098
287,5.91756561502,-0.66764259021,1.42,2.49,4.5286836732
289,5.39806097761,-0.670797218347,1.42,2.49,4.88086686893
291,3.8458292721199996,-1.3341192092,1.42,2.49,3.32216472663
293,3.5748541558899998,-1.59075078551,1.42,2.49,4.45315495641
295,-43.7791520192,-4.68804838498,1.32,0.0,2.3455261711
297,-39.2541000583,-3.9690015472099995,1.32,2.31,2.42799474282
299,-32.2152616196,-4.91364307821,1.32,2.31,1.79827569732
301,-35.8748858993,-5.65931338428,1.32,2.31,2.01494482341
303,-44.2808114929,-3.8396823172800003,1.32,2.31,2.75160256076
305,-36.3159974185,-4.882961845680001,1.32,2.31,2.12207693353
307,-35.9651121541,-5.18790864861,1.32,0.0,2.7651741094
309,-36.2476238375,-4.6211267629699995,0.9,1.73,3.72532405261
311,-39.6280113783,-5.0680277257199995,0.9,1.73,4.1611728275
313,-49.0594069813,-3.5443198169800003,0.9,1.73,4.61006916922
315,-43.278321910600006,-4.943586214,0.9,1.73,3.78198773861
317,-53.9630829303,-3.0686797110299997,0.9,1.73,5.03117141897
319,7.84665826077,-1.06693643117,0.9,1.73,6.4807179723
321,5.84307308856,-0.961631601819,0.9,1.73,6.724264129730001
323,5.33604160339,-0.872825504626,0.9,1.73,6.7210016479400005
325,-0.0400262820459,-4.04255891098,0.9,1.73,4.28733095934
327,-24.1573043043,-0.712875062199,1.32,2.31,5.67261349966
329,-32.0731791502,-1.5585967853,1.32,2.31,4.250275792159999
330,-26.5931418788,-3.49893688386,1.32,2.31,4.23186695367
332,-28.0155275107,-1.5377446852599999,1.32,2.31,3.12689743862
334,-39.7110210481,-5.62449236883,1.32,2.31,1.77554308279
336,-49.044201844300005,-3.4030277784900003,1.32,2.31,3.2343267908
338,-43.2808153283,-5.27218621167,1.32,2.31,2.1924605224700002
340,-39.4034555948,-6.4415699450699995,1.375,0.0,1.8880567836099997
341,-10.6915504124,-5.632160094369999,1.375,0.0,2.28200690571
344,-10.5913870131,-5.49190985401,1.375,0.0,2.20492770845
346,-8.707017576930001,-4.954552006519999,1.375,0.0,1.8050875544
348,-23.983039403400003,-0.735787425404,0.9,1.73,6.909967283019999
350,-32.3284528486,-1.9634880307700002,0.9,1.73,5.53766119349
354,-39.2117667804,-4.079210172869999,0.9,1.73,3.75887543081
356,-32.140406069,-4.426949054830001,0.9,1.73,3.58736212645
358,-35.919375507,-4.84050318708,0.9,1.73,3.8603088742900002
360,-44.2467791683,-3.9506126413,0.9,1.73,4.0981016306699996
362,-25.4165405365,-2.18610869199,1.32,0.0,2.77891821875
364,-34.0254300883,-4.89594101736,1.32,0.0,2.3416283072999997
366,-27.4839856309,-4.93562039742,1.32,0.0,2.9786825008999998
368,-31.4058083329,-5.28376151917,1.32,0.0,2.82673620916
370,-48.5140580091,-4.53087299498,1.375,0.0,1.6973609454299998
372,-42.8490053398,-6.1864701814,1.375,0.0,1.92910804282
374,-53.3440354122,-3.9866090121699993,1.375,0.0,1.97875263065
376,3.4348456598799997,-2.46563107167,1.375,0.0,2.54669837321
378,-10.5436411619,-2.8280054731299997,1.375,0.0,2.34901324639
380,-11.400887965499999,-3.39295185879,1.375,0.0,2.1814257425599997
382,-38.987839503400004,-4.98614271928,1.32,0.0,2.34380339452
384,-31.987031094099997,-5.22899353048,1.32,0.0,2.78583509712
386,-35.6751668535,-5.74611169425,1.32,0.0,2.7094153547900004
388,-28.879107725,-2.89160216615,1.07,0.0,9.74538877267
390,-39.0954028794,-4.1337480785,1.07,0.0,6.154149125
392,-31.969740577899998,-4.3477049162400005,1.07,0.0,6.541878560980001
394,-35.5955752526,-4.85833398251,1.07,0.0,7.012196459610001
397,-43.6961649404,-4.2211050678,1.07,0.0,5.53076698474
398,-43.6961649404,-4.2211050678,1.07,0.0,5.53076698474
400,-36.2508937887,-4.5263025928400005,1.07,0.0,5.29859466411
402,-39.682694374499995,-5.23373494659,1.07,0.0,5.2893321131999995
404,-48.7439119907,-4.22038525456,1.07,0.0,6.13342595517
406,-43.363284865,-5.12023155688,1.07,0.0,4.810009642840001
408,-53.7268492472,-4.10065617152,1.07,0.0,6.54502170076
410,6.366631057309999,-2.48831846995,1.07,0.0,6.61885327383
412,2.73418665631,-2.38170310256,1.07,0.0,7.07846269454
414,3.41849999922,-1.65318211295,1.07,0.0,9.090433638139999
416,0.026153778821200003,-4.33213974694,1.07,0.0,5.961668356490001
418,1.4878395381600003,-3.17406558709,1.07,0.0,9.08165877269
420,-0.339147572145,-4.2132115602499995,1.07,0.0,8.18366889688
422,-25.188678417,-2.29623899298,1.375,0.0,1.97297110693
424,-34.0386744332,-5.5010176224,1.375,0.0,2.0057097671400004
426,-27.427243108699997,-5.578906034,1.375,0.0,1.9673766017099998
428,-31.388309629400002,-5.91142879699,1.375,0.0,2.1091581723
430,-39.0255944077,-5.52331920929,1.375,0.0,1.76604352498
432,-32.0043710487,-5.927602801310001,1.375,0.0,1.8950657342
434,-35.6224654874,-6.32713525109,1.375,0.0,2.11436425087
436,-43.8076705361,-5.03169124598,1.375,0.0,1.63308834866
438,-35.9825860607,-5.89850112656,1.375,0.0,1.8403854200599998
440,-24.5507244294,-1.9404388909,1.09,0.0,7.6754706292999995
442,-33.5826128613,-3.7829889918300004,1.09,0.0,8.038723979630001
444,-25.8099811059,-3.2386867025800004,1.09,0.0,9.25385731296
446,-29.4081281221,-3.4159814292400004,1.09,0.0,9.76570994575
449,-38.9954209465,-4.3708360837999995,1.09,0.0,6.02020076158
450,-38.9954209465,-4.3708360837999995,1.09,0.0,6.02020076158
452,-32.0079266318,-4.61268051369,1.09,0.0,6.327085830540001
454,-35.641766683600004,-5.1216290638699995,1.09,0.0,6.685908371669999
456,-43.993573908,-4.4253537316600005,1.09,0.0,5.36005980868
458,-36.2115690308,-4.7041678473,1.09,0.0,4.967383665340001
460,-39.6330227048,-5.42179128173,1.09,0.0,5.22430565104
462,-48.6798336139,-4.3840683808,1.09,0.0,5.74899179381
464,-43.2784840177,-5.22441015945,1.09,0.0,5.06736942251
466,-53.649750126099995,-4.2871591963,1.09,0.0,6.02963209216
468,5.9382836839,-2.8275376685,1.09,0.0,5.914765034759999
470,2.33600765277,-2.68678398959,1.09,0.0,6.44861071488
472,3.18361292144,-1.7865352917299997,1.09,0.0,9.07295458398
474,-0.29706121839099997,-4.706058640319999,1.09,0.0,5.05722848622
477,-0.157500573833,-4.26669170425,1.09,0.0,8.15971966563
479,-24.328099551799998,-1.7042589262399999,1.07,0.0,9.55400313992
481,-33.3207667147,-3.37976567103,1.07,0.0,8.33714973827
483,-25.3078280127,-2.74037257712,1.07,0.0,9.556029436000001
485,-44.2007555321,-3.5998256579400003,0.82,1.39,5.03859584109
487,-35.662054392399995,-4.15529764267,0.82,1.39,4.90800333476
489,-39.1913985894,-3.5946070641000003,0.82,1.39,4.85210458047
491,-32.0465632355,-3.79477824416,0.82,1.39,4.94935386258
493,-27.6680641022,-1.44812573929,0.82,1.39,7.5534161117
495,-24.1785984472,-1.38347008568,0.82,1.39,7.619123040439999
497,-32.0681536849,-1.8091209139700002,0.82,1.39,6.55118634587
499,-24.0884283881,-1.06548550936,0.82,1.39,7.6327065744
501,2.29672634759,-1.8044910354799997,1.045,1.72,6.022908644119999
503,3.5358767668,-1.21417441981,1.045,1.72,6.87033567496
505,4.88237112264,-0.8470794487729999,1.045,1.72,7.476651952689999
507,4.1897577008899995,-1.26530007075,1.045,1.72,6.86345290968
509,7.09149027467,-1.2667738444299999,1.045,1.72,6.35514148893
511,-54.2026725709,-2.8537224760299997,1.045,1.72,5.0419238884599995
513,-49.276299541099995,-3.0543246262,1.045,1.72,4.7842268720300005
515,-43.6871732494,-4.52937351876,1.045,1.72,3.8848761482099996
517,-39.7896716734,-4.4804286627800005,1.045,1.72,3.87581244379
519,-44.2326925386,-2.91058738949,1.045,1.72,4.51600048754
521,-36.3301923631,-3.64387709005,1.045,1.72,4.007717995759999
523,-31.568114425100003,-2.77557842373,1.045,1.72,6.093370091490001
525,-33.0297166284,-2.99946110749,0.99,0.0,8.486576648489999
528,-24.1980689107,-1.54734597924,0.99,0.0,9.53290574575
530,-38.742792553899996,-2.24306281009,1.045,1.72,5.05929835556
532,-35.0271796609,-3.2987440199299995,1.045,1.72,6.15609664126
534,-28.4707087321,-2.4744476809,0.99,0.0,9.7448196073
536,6.55583105731,-1.0912805670299999,0.985,1.58,5.9147422434
538,-53.8532230521,-3.0259071510299997,0.985,1.58,4.6409960108199995
540,-43.434636500699995,-4.85685161393,0.985,1.58,4.54945065151
542,-49.0429690529,-3.4599611010300007,0.985,1.58,4.33929960033
544,-39.8324492892,-4.93840471399,0.985,1.58,4.59827225796
546,-36.2974903809,-4.31141910452,0.985,1.58,4.60269772705
548,-35.8902281293,-4.56439434405,0.985,1.58,4.5852190874300005
550,-39.2065531295,-3.7342090045,0.985,1.58,4.0135075980199995
552,-32.152200830700004,-4.11690633696,0.985,1.58,4.6126196229400005
555,-32.221790432,-1.69462385799,0.985,1.58,5.411711545219999
557,-24.293075540700002,-1.38363179993,0.985,1.58,6.4566734299599995
559,-24.2159757469,-1.01694206879,0.985,1.58,6.771914742080001
561,-0.7050845845129999,-3.7208629221900003,0.82,1.39,4.71648681107
565,3.0086590063800003,-1.37911961489,0.82,1.39,7.36094741604
567,3.1145962717799995,-1.15592410764,0.82,1.39,7.33636680875
569,-53.920242995500004,-3.13034391012,0.82,1.39,5.6517538985
571,7.006501520980001,-1.2524616852500001,0.82,1.39,7.132006433560001
573,-43.4954185841,-4.743342156040001,0.82,1.39,4.98620487598
575,-49.0619779847,-3.4806659284400006,0.82,1.39,5.315947978550001
577,-39.6288464293,-4.619436636240001,0.82,1.39,5.07089232202
579,-36.3331408314,-4.14102138442,0.82,1.39,5.074166980219999
581,-24.40500909,-0.9664250579610001,1.07,1.55,7.05085487106
583,-0.985089846149,-3.8819910724800004,0.985,1.58,4.21835053744
585,2.13295620608,-1.50479851883,0.985,1.58,6.304021070169999
587,1.3230628011499999,-2.0738188469599996,0.985,1.58,5.05845326397
589,3.1869625824699996,-1.07341668034,0.985,1.58,6.634238894249999
591,2.97714983453,-1.25129525583,0.985,1.58,6.32214016934
593,-24.1732147628,-1.07411910796,1.045,1.72,7.11130879842
595,-27.6949253402,-1.1803278076200001,1.045,1.72,7.03516541756
597,-32.0591542485,-1.49042159926,1.045,1.72,6.4584772182500005
599,-24.3242230025,-0.8503311847660001,1.045,1.72,7.7393881453799995
601,-0.40579746004100004,-4.11179280523,0.99,0.0,8.11349211898
603,1.8243921123,-2.73063540545,0.99,0.0,9.10619446488
605,0.349894654484,-3.904175467,0.99,0.0,6.65517162714
607,3.54540753631,-1.5441144790099999,0.99,0.0,9.10199157756
609,2.9666337702999996,-2.15840491636,0.99,0.0,7.452740433350001
610,-53.8006978935,-3.9221128788699997,0.99,0.0,6.03174881345
613,-43.43376665979999,-5.0131306505,0.99,0.0,4.87046689151
616,-48.3509476123,-4.060334910869999,0.99,0.0,6.138266359909999
617,-48.3509476123,-4.060334910869999,0.99,0.0,6.138266359909999
619,-39.7298886718,-5.07579475184,0.99,0.0,5.13141899315
621,-36.2804649187,-4.359609947780001,0.99,0.0,5.2989380415800005
623,-44.0628577172,-4.0517227594300005,0.99,0.0,5.5372951087
625,6.5514670635800005,-2.2553177391,0.99,0.0,7.13630591125
627,-35.5673469558,-4.63506496651,0.99,0.0,6.6808014804499996
629,-31.9544367831,-4.12641037705,0.99,0.0,6.306552547869999
631,-39.1135123982,-3.9235199297500003,0.99,0.0,6.12135322173
633,-44.1087899737,-2.7146243594599997,1.015,1.96,3.76264255449
635,-39.820151667,-3.7708430125,1.015,1.96,2.65023851501
637,-24.1819034931,-0.6909610930050001,0.76,1.87,7.297739146639999
639,-32.259772006999995,-1.52946508027,0.76,1.87,6.41127220223
641,-24.2174089761,-0.621438940033,0.76,1.87,7.4855684060600005
643,-44.20342745479999,-3.6784658017400003,0.985,1.58,4.1356186279300005
645,2.39308973866,-1.8627669571799998,1.045,1.72,5.8809631721
647,-0.0706701573289,-3.1724062714200003,1.07,1.55,5.23542547651
649,2.6932816559400004,-1.4065919391,1.07,1.55,6.4731145332099995
651,1.7315207606799998,-1.9520213638599997,1.07,1.55,5.53430287617
653,4.12407787508,-0.9663393413160001,1.07,1.55,6.9256889922000004
655,3.70715797764,-1.22360820751,1.07,1.55,6.4630241240499995
657,6.94858059909,-1.11131686377,1.07,1.55,6.05065866053
659,-53.8432691859,-2.85217404341,1.07,1.55,5.08966884136
661,-43.4505889596,-4.20377067006,1.07,1.55,5.50440609654
663,-48.9848107538,-3.13163847684,1.07,1.55,5.12972214181
665,-39.679874560100004,-4.13355556773,1.07,1.55,4.9385080194699995
667,-36.2509467654,-3.57695872714,1.07,1.55,4.93507488981
669,-44.193384145500005,-3.2620785594200004,1.07,1.55,5.583035861290001
671,-35.513348492199995,-3.61731904232,1.07,1.55,5.507022266310001
673,-32.086149636,-3.32185424769,1.07,1.55,5.68296894131
675,-39.2700777979,-3.24256515482,1.07,1.55,5.75658011787
677,-27.93940099,-1.3631322815399998,1.07,1.55,6.7099321416199995
679,-24.4172280433,-1.29119345193,1.07,1.55,6.81576675263
681,-32.3388818066,-1.62482516722,1.07,1.55,5.9598478435599995
683,5.814886513539999,-0.764047369167,0.72,2.11,7.06710733526
685,8.6666466162,-0.8753288715,0.72,2.11,6.8878671256100015
687,6.23583608653,-0.755218297226,0.72,2.11,7.132705645689999
689,-53.781675800900004,-2.87475180625,0.72,2.11,5.404932101109999
691,-48.9328936098,-3.2567083356200004,0.72,2.11,4.9135825044
693,-43.282325773400004,-4.58194275162,0.72,2.11,4.03161987174
695,-44.162071802700005,-3.57056839797,0.72,2.11,4.4124939213
697,-36.1768266404,-4.164613942830001,0.72,2.11,4.27617469536
699,-39.654703962199996,-4.63133664352,0.72,2.11,3.85133117111
701,-35.7867104074,-4.31237172413,0.72,2.11,3.87564911672
703,-39.2540992963,-3.77057716231,0.72,2.11,4.06229671946
705,-32.171543926700004,-4.01259484727,0.72,2.11,4.42630871062
707,-28.3951280112,-1.6491547102000002,0.72,2.11,6.708631357409999
709,-25.2230053635,-1.8859006576800001,0.72,2.11,6.75321777333
711,-33.0860541165,-2.37613771545,0.72,2.11,6.18192479803
713,2.2938997495099995,-1.8598538219599998,1.015,1.96,4.87583787949
715,-24.117732090900002,-0.564086729161,0.72,2.11,7.33583094734
717,3.6448665102699995,-1.9248640803900001,1.015,1.96,4.485719028459999
719,6.63455422724,-0.619012212402,1.015,1.96,6.66842871888
721,4.77179721548,-1.13321166687,1.015,1.96,5.0343740196599995
723,-53.723187816999996,-2.47984179431,1.015,1.96,4.3449185652199995
725,6.69623214077,-0.77853104675,1.015,1.96,6.09108884936
727,8.353647728250001,-0.9559399625939999,1.015,1.96,5.61101673673
729,-48.916628585,-2.71083288903,1.015,1.96,4.03805270677
731,-43.505235456,-3.7841722388699996,1.015,1.96,2.72798648883
733,-35.9303186029,-4.56085095846,0.88,2.17,3.65899344701
735,-36.2162942012,-4.264388984130001,0.88,2.17,3.1940576289599996
737,-32.1281801591,-4.17531299286,0.88,2.17,3.22476559836
739,-39.2878420392,-3.5874479167800004,0.88,2.17,3.44666967005
741,-29.2992357144,-2.1713282736900004,0.88,2.17,5.31703862565
743,-24.6956862612,-1.08633380972,0.88,2.17,5.4573645924
745,-24.358964418000003,-0.6451192473740001,0.88,2.17,6.56473400599
747,3.8542540421,-2.04438372569,0.76,1.87,5.852812805090001
749,-33.8681930949,-2.8643786516,0.88,2.17,4.68669952878
751,0.36587903012100004,-3.8339226011400003,0.72,2.11,4.56728639352
753,6.50365360602,-0.722453817472,0.76,1.87,7.25508151978
756,5.59074928076,-0.9161057383910001,0.76,1.87,7.35995805872
757,5.59074928076,-0.9161057383910001,0.76,1.87,7.35995805872
759,-53.851883497399996,-2.75059417327,0.76,1.87,5.78850118209
761,9.058156239119999,-1.09916145693,0.76,1.87,7.259406513869999
763,-43.5547041178,-4.10684580769,0.76,1.87,3.3317516623000003
765,-39.7612071075,-4.03495387006,0.76,1.87,3.34611926612
767,-49.0038419922,-2.97233583917,0.76,1.87,5.192710996830001
769,-44.1483345462,-2.94323369166,0.76,1.87,4.75730570487
771,-36.2950489954,-3.40309869157,0.76,1.87,4.00661792627
773,-35.3630550112,-3.03328886523,0.76,1.87,5.52491966227
775,-38.9498542903,-2.59926768622,0.76,1.87,4.93489495803
777,-27.684733725300003,-0.7141695096899999,0.76,1.87,7.198499093270001
779,-31.574716280700002,-2.43213068662,0.76,1.87,5.55814548339
782,3.37170683833,-1.44747022551,0.72,2.11,5.52314972582
783,3.37170683833,-1.44747022551,0.72,2.11,5.52314972582
785,-48.7671344266,-3.1482830543299998,0.94,1.93,4.37212403148
787,-43.9748079053,-3.19025580776,0.94,1.93,4.088761856790001
789,-43.4166338633,-3.96641465481,0.94,1.93,3.2716743569099997
791,-39.7747357848,-3.8873009405000003,0.94,1.93,3.2238595802499996
793,-36.2579348015,-3.38383165244,0.94,1.93,3.68872219255
795,-39.1010377812,-3.11895107489,0.94,1.93,4.0083600037
797,-35.7586672892,-3.2207702590499996,0.94,1.93,4.43691811406
799,-32.0401357218,-2.91226785564,0.94,1.93,4.4068402434500005
801,-28.573478946799998,-1.4469709413499998,0.94,1.93,5.2564592909800005
803,-24.962603346799998,-1.36169246482,0.94,1.93,5.9002752301
805,-24.3391725023,-0.718407917001,0.94,1.93,6.76020627169
807,-33.4330659272,-2.5071035238999997,0.94,1.93,4.81150652135
809,4.9632587724,-1.06524210937,0.76,1.87,6.9402977241
811,0.357797947842,-3.5960615418199997,0.88,2.17,3.6614482425599997
813,2.30075978446,-2.09903835344,0.76,1.87,5.32047736519
816,2.9598228075099997,-1.80444703498,0.88,2.17,5.1259641076
817,2.9598228075099997,-1.80444703498,0.88,2.17,5.1259641076
819,3.19154878201,-2.02129007684,0.88,2.17,4.753251884569999
821,5.82316156132,-1.03419765471,0.88,2.17,6.075071229140001
823,5.84535303393,-0.679021721212,0.88,2.17,6.606099222389999
825,-53.5849275197,-2.9543875278900003,0.88,2.17,4.590597194090001
827,7.730368337839999,-1.41065071217,0.88,2.17,5.56287349187
829,-48.8298075593,-3.2264620607300003,0.88,2.17,4.2281781584900004
831,-39.6792417307,-4.75155223229,0.88,2.17,3.39804268751
833,-43.208234041800004,-4.58667445866,0.88,2.17,3.16410231825
835,-44.1430245301,-3.46392103161,0.88,2.17,3.7513676640199995
837,-35.90859449,-4.58281096483,0.96,2.02,3.41371724666
839,6.1342288923899995,-2.3030249107799996,0.92,2.07,3.27110980199
841,-48.501017463800004,-3.90157053239,0.92,2.07,3.38434530082
843,-32.1466722598,-4.19604412209,0.96,2.02,2.87490304043
845,-43.10166338689999,-4.54469445668,0.92,2.07,4.7613099381
847,-39.317049612800005,-3.4500336061400003,0.96,2.02,2.76250521152
850,-24.4634441043,-0.48355252255500003,0.96,2.02,6.118852904580001
852,-28.485271687399997,-1.22835574158,0.96,2.02,4.2007387484
855,-36.325249325,-3.1722927252999997,1.015,1.96,3.21841214111
857,-35.0651034078,-2.38555625134,1.015,1.96,4.751839416469999
859,-24.5526252286,-0.581577619621,1.015,1.96,6.75660754015
861,1.5237056881400002,-2.68291897488,0.94,1.93,4.1535780764
864,5.3556143166900005,-0.798639397526,0.94,1.93,6.63810860644
865,5.3556143166900005,-0.798639397526,0.94,1.93,6.63810860644
867,2.76811357241,-2.9030142473000002,0.94,1.93,4.397441161880001
869,3.93272864702,-1.95155235526,0.94,1.93,4.55553364736
871,-39.0229325207,-2.43113901811,1.015,1.96,3.96445377964
873,-31.820973248,-2.38487316812,1.015,1.96,4.7320071408899995
875,-24.450277190100003,-0.668017628332,1.015,1.96,5.76822938579
877,-27.994980488000003,-0.672549321253,1.015,1.96,5.711129989090001
879,-32.7003832649,-1.5855281580200002,1.015,1.96,5.09073544455
881,6.4705620349599995,-0.961867761086,0.94,1.93,5.95436341805
883,8.45050296087,-1.12869349936,0.94,1.93,5.35473975233
885,-53.619517742,-2.9271967780000003,0.94,1.93,4.66645714868
887,-35.9800011722,-4.36424031898,0.83,2.06,5.0012931495899995
890,-32.2109246366,-4.08211032454,0.83,2.06,5.04810557122
892,-34.2962263106,-3.87878595192,0.83,2.06,4.89513179738
894,-30.1584062211,-3.2627829293,0.83,2.06,5.10451654575
896,-26.522916702600003,-3.0151755880799995,0.83,2.06,4.949909810249999
898,-24.4070133024,-0.970345988954,0.83,2.06,5.46492917293
900,0.308052310761,-3.5870152359800005,0.92,2.07,4.944964726519999
902,4.51255547548,-1.40040382982,0.92,2.07,5.0015532598900005
904,1.8331473204799997,-3.3896973277099995,0.92,2.07,4.7096192388
906,0.957638580199,-4.08083371611,0.92,2.07,4.63152123212
908,0.435880637414,-3.4759275926899997,0.96,2.02,3.1265752792400003
910,4.43993320874,-1.8454478386099997,0.92,2.07,3.5984728402800004
911,4.52348815149,-0.9228389618170001,0.96,2.02,4.9235602967
914,6.038389013280001,-0.573583721233,0.96,2.02,5.986943305
916,3.8514031336000003,-1.28346843874,0.96,2.02,4.361545627869999
918,6.23302451931,-0.652892782142,0.96,2.02,5.76033934648
920,-53.6479954457,-2.6132770295900003,0.96,2.02,3.92429422797
922,7.8946501294199996,-0.851302208668,0.96,2.02,5.33501397587
924,-48.8754316362,-2.9532848849799995,0.96,2.02,3.51890738829
926,-43.2024645176,-4.54020190378,0.96,2.02,2.64326467557
928,-36.2257762983,-4.23525342426,0.96,2.02,2.65821019904
930,-39.6807754173,-4.74707771481,0.96,2.02,3.26024737797
932,-44.1774383817,-3.2751497159900005,0.96,2.02,3.04319581722
934,-53.294461228,-3.5101237571599997,0.92,2.07,3.40596586327
937,-43.8776036445,-4.152290805290001,0.92,2.07,3.4547287455199998
939,-36.2212427038,-4.333553049780001,0.92,2.07,3.2561366508200003
941,-32.2102940618,-4.18015514042,0.92,2.07,4.704323637130001
943,-35.9907092853,-4.47936362278,0.92,2.07,4.603746897430001
945,-39.1510215427,-4.25661301414,0.92,2.07,3.66774361579
948,-0.241254219095,-3.60969287819,0.83,2.06,5.26636153861
949,-0.241254219095,-3.60969287819,0.83,2.06,5.26636153861
951,-26.9113887854,-3.2676112160799997,0.92,2.07,4.73667683735
953,-24.9489455389,-1.3574464777500002,0.92,2.07,4.49584739905
955,-34.2927981154,-3.97117074208,0.92,2.07,4.50200521945
957,-30.5624371694,-3.3809930178400003,0.92,2.07,4.685210241469999
959,1.68923988884,-3.3536496669200004,0.83,2.06,5.05846698214
961,3.7283153638,-1.49777912449,0.83,2.06,6.003119981819999
963,0.8583739846940001,-4.034115621640001,0.83,2.06,4.885124310859999
965,-53.3236765678,-3.65373200565,0.83,2.06,4.19589831414
967,3.7687408792,-1.7745244714200001,0.83,2.06,4.46372549675
969,6.795955928180001,-1.7687076527599999,0.83,2.06,3.85083995005
971,-43.1407579241,-4.50240166406,0.83,2.06,3.11884984584
973,-48.52918140479999,-3.9763721603900004,0.83,2.06,4.0570778231
976,-39.1998529453,-4.22875935744,0.83,2.06,3.9402883009900003
978,-43.9205631422,-4.17349158604,0.83,2.06,3.9690245656300003
